image,class
test,105
test,232
test,149
test,232
test,38
test,232
test,12
test,84
test,68
test,129
test,91
test,152
test,90
test,90
test,105
test,200
test,156
test,168
test,158
test,151
test,124
test,16
test,253
test,109
test,92
test,257
test,51
test,159
test,143
test,250
test,257
test,12
test,154
test,257
test,101
test,178
test,240
test,85
test,51
test,232
test,68
test,107
test,22
test,232
test,234
test,12
test,232
test,77
test,148
test,120
test,79
test,257
test,96
test,220
test,240
test,32
test,159
test,108
test,39
test,240
test,134
test,109
test,159
test,44
test,158
test,3
test,248
test,194
test,257
test,92
test,158
test,25
test,147
test,53
test,232
test,251
test,54
test,257
test,256
test,151
test,25
test,32
test,198
test,159
test,159
test,89
test,96
test,177
test,178
test,148
test,232
test,240
test,82
test,5
test,241
test,90
test,257
test,251
test,126
test,91
test,142
test,183
test,223
test,208
test,222
test,257
test,82
test,159
test,20
test,240
test,36
test,211
test,32
test,151
test,200
test,213
test,164
test,150
test,234
test,200
test,96
test,67
test,105
test,127
test,234
test,21
test,90
test,50
test,55
test,247
test,12
test,256
test,177
test,73
test,251
test,11
test,90
test,164
test,208
test,11
test,232
test,242
test,253
test,151
test,240
test,257
test,175
test,240
test,242
test,213
test,51
test,257
test,252
test,232
test,225
test,148
test,253
test,145
test,96
test,245
test,151
test,257
test,127
test,208
test,177
test,11
test,127
test,18
test,38
test,11
test,3
test,24
test,190
test,93
test,8
test,20
test,221
test,240
test,105
test,231
test,96
test,150
test,256
test,185
test,118
test,221
test,91
test,124
test,91
test,147
test,147
test,232
test,57
test,251
test,222
test,257
test,105
test,158
test,19
test,148
test,103
test,152
test,171
test,27
test,161
test,145
test,257
test,240
test,12
test,232
test,96
test,59
test,142
test,105
test,103
test,240
test,35
test,202
test,172
test,250
test,105
test,73
test,251
test,33
test,5
test,12
test,213
test,193
test,207
test,58
test,208
test,232
test,127
test,51
test,234
test,37
test,58
test,257
test,24
test,221
test,240
test,101
test,58
test,37
test,130
test,64
test,240
test,19
test,19
test,232
test,237
test,11
test,100
test,11
test,253
test,257
test,105
test,46
test,41
test,159
test,231
test,158
test,257
test,105
test,129
test,257
test,205
test,204
test,141
test,251
test,183
test,235
test,251
test,159
test,58
test,109
test,152
test,227
test,151
test,178
test,96
test,257
test,44
test,12
test,232
test,124
test,150
test,257
test,96
test,105
test,194
test,53
test,192
test,211
test,158
test,72
test,250
test,68
test,12
test,54
test,100
test,40
test,150
test,152
test,105
test,145
test,8
test,28
test,11
test,192
test,28
test,103
test,152
test,143
test,117
test,96
test,175
test,240
test,208
test,250
test,121
test,90
test,140
test,132
test,132
test,15
test,229
test,225
test,143
test,184
test,96
test,1
test,147
test,68
test,20
test,240
test,240
test,232
test,257
test,44
test,64
test,164
test,240
test,104
test,103
test,92
test,252
test,19
test,141
test,28
test,18
test,157
test,175
test,224
test,184
test,35
test,127
test,145
test,21
test,8
test,105
test,253
test,102
test,5
test,148
test,257
test,62
test,58
test,164
test,5
test,252
test,11
test,5
test,28
test,100
test,90
test,234
test,159
test,152
test,178
test,127
test,190
test,253
test,251
test,57
test,232
test,54
test,141
test,62
test,257
test,96
test,109
test,54
test,159
test,11
test,19
test,11
test,152
test,225
test,175
test,240
test,77
test,3
test,130
test,240
test,252
test,148
test,224
test,253
test,138
test,33
test,225
test,153
test,232
test,5
test,96
test,57
test,48
test,220
test,92
test,105
test,86
test,28
test,234
test,30
test,96
test,212
test,124
test,40
test,79
test,138
test,164
test,158
test,227
test,107
test,64
test,148
test,257
test,232
test,200
test,239
test,183
test,239
test,132
test,73
test,73
test,75
test,3
test,7
test,147
test,123
test,15
test,73
test,159
test,32
test,118
test,105
test,150
test,175
test,184
test,253
test,40
test,250
test,240
test,128
test,177
test,72
test,251
test,103
test,257
test,257
test,257
test,253
test,12
test,184
test,204
test,17
test,12
test,141
test,15
test,193
test,70
test,33
test,109
test,207
test,67
test,68
test,77
test,240
test,59
test,192
test,257
test,240
test,257
test,90
test,240
test,105
test,53
test,178
test,126
test,159
test,243
test,161
test,205
test,43
test,21
test,235
test,230
test,251
test,145
test,235
test,132
test,187
test,160
test,253
test,68
test,69
test,26
test,4
test,109
test,64
test,96
test,94
test,92
test,124
test,137
test,5
test,239
test,11
test,208
test,232
test,205
test,25
test,177
test,57
test,240
test,240
test,208
test,15
test,257
test,88
test,123
test,183
test,190
test,186
test,232
test,231
test,113
test,177
test,96
test,150
test,240
test,245
test,252
test,1
test,11
test,242
test,64
test,221
test,230
test,213
test,92
test,157
test,141
test,82
test,37
test,28
test,253
test,19
test,37
test,235
test,12
test,235
test,239
test,129
test,230
test,40
test,245
test,133
test,192
test,105
test,160
test,33
test,240
test,5
test,232
test,19
test,145
test,47
test,103
test,15
test,178
test,12
test,225
test,68
test,145
test,5
test,208
test,11
test,68
test,8
test,95
test,12
test,251
test,15
test,32
test,7
test,136
test,19
test,40
test,21
test,141
test,16
test,105
test,40
test,235
test,148
test,32
test,207
test,253
test,103
test,105
test,208
test,254
test,67
test,158
test,46
test,68
test,159
test,252
test,96
test,205
test,251
test,215
test,232
test,12
test,234
test,103
test,46
test,67
test,240
test,77
test,232
test,257
test,28
test,257
test,115
test,127
test,193
test,221
test,77
test,225
test,196
test,153
test,158
test,182
test,208
test,177
test,182
test,96
test,130
test,21
test,11
test,54
test,204
test,252
test,122
test,95
test,105
test,232
test,32
test,240
test,107
test,92
test,28
test,105
test,96
test,217
test,257
test,192
test,192
test,145
test,177
test,12
test,232
test,145
test,73
test,17
test,11
test,96
test,21
test,193
test,12
test,253
test,253
test,148
test,138
test,90
test,4
test,148
test,46
test,225
test,172
test,208
test,137
test,90
test,91
test,12
test,177
test,257
test,240
test,133
test,92
test,231
test,247
test,11
test,235
test,219
test,27
test,62
test,86
test,145
test,55
test,8
test,232
test,257
test,148
test,157
test,16
test,251
test,255
test,159
test,235
test,54
test,257
test,3
test,257
test,231
test,11
test,232
test,217
test,96
test,206
test,117
test,224
test,19
test,151
test,82
test,147
test,235
test,175
test,147
test,240
test,138
test,232
test,175
test,188
test,64
test,118
test,253
test,54
test,145
test,186
test,143
test,253
test,224
test,208
test,87
test,24
test,72
test,54
test,54
test,193
test,112
test,11
test,74
test,142
test,217
test,25
test,11
test,143
test,232
test,147
test,252
test,109
test,78
test,207
test,162
test,130
test,153
test,202
test,44
test,257
test,193
test,148
test,251
test,101
test,148
test,7
test,32
test,232
test,235
test,12
test,177
test,123
test,183
test,96
test,253
test,208
test,240
test,142
test,75
test,231
test,140
test,40
test,23
test,168
test,257
test,188
test,38
test,101
test,252
test,257
test,105
test,105
test,146
test,8
test,145
test,159
test,26
test,43
test,230
test,32
test,90
test,54
test,223
test,257
test,11
test,253
test,130
test,137
test,211
test,189
test,257
test,253
test,77
test,105
test,204
test,11
test,192
test,257
test,12
test,214
test,124
test,145
test,11
test,245
test,132
test,238
test,224
test,3
test,12
test,132
test,104
test,117
test,159
test,11
test,3
test,253
test,95
test,251
test,245
test,12
test,6
test,240
test,257
test,150
test,147
test,12
test,257
test,168
test,130
test,103
test,232
test,54
test,61
test,151
test,35
test,150
test,154
test,182
test,40
test,211
test,177
test,103
test,78
test,240
test,148
test,129
test,128
test,37
test,257
test,32
test,156
test,136
test,90
test,11
test,111
test,193
test,236
test,251
test,104
test,216
test,19
test,12
test,101
test,32
test,78
test,103
test,105
test,244
test,123
test,257
test,232
test,32
test,159
test,130
test,37
test,86
test,137
test,105
test,255
test,205
test,11
test,251
test,240
test,190
test,253
test,231
test,24
test,198
test,72
test,11
test,109
test,232
test,112
test,204
test,21
test,68
test,200
test,90
test,253
test,105
test,109
test,83
test,253
test,12
test,23
test,147
test,143
test,247
test,224
test,32
test,241
test,70
test,159
test,59
test,105
test,180
test,206
test,11
test,164
test,90
test,175
test,146
test,59
test,256
test,5
test,8
test,54
test,145
test,11
test,44
test,232
test,129
test,46
test,175
test,250
test,187
test,12
test,24
test,6
test,236
test,114
test,174
test,133
test,44
test,194
test,194
test,253
test,13
test,36
test,240
test,53
test,118
test,147
test,145
test,182
test,183
test,146
test,161
test,232
test,11
test,149
test,134
test,8
test,238
test,172
test,19
test,50
test,124
test,145
test,132
test,39
test,177
test,152
test,12
test,215
test,207
test,257
test,203
test,190
test,137
test,19
test,147
test,235
test,11
test,129
test,128
test,148
test,4
test,12
test,3
test,132
test,12
test,223
test,92
test,109
test,91
test,102
test,12
test,257
test,46
test,232
test,235
test,219
test,21
test,257
test,202
test,11
test,94
test,253
test,11
test,152
test,204
test,159
test,234
test,204
test,150
test,194
test,220
test,103
test,108
test,105
test,143
test,251
test,177
test,80
test,123
test,234
test,118
test,257
test,222
test,192
test,1
test,40
test,126
test,37
test,257
test,214
test,253
test,222
test,19
test,232
test,202
test,53
test,21
test,163
test,108
test,68
test,82
test,242
test,109
test,257
test,252
test,25
test,240
test,159
test,12
test,1
test,130
test,96
test,138
test,143
test,251
test,5
test,65
test,4
test,220
test,138
test,101
test,230
test,252
test,164
test,18
test,145
test,172
test,240
test,213
test,91
test,3
test,164
test,141
test,143
test,251
test,234
test,43
test,256
test,201
test,49
test,49
test,35
test,200
test,240
test,90
test,8
test,183
test,158
test,178
test,138
test,202
test,150
test,96
test,161
test,148
test,147
test,133
test,67
test,247
test,164
test,86
test,11
test,37
test,251
test,231
test,96
test,250
test,105
test,58
test,92
test,48
test,129
test,221
test,232
test,90
test,18
test,238
test,127
test,90
test,181
test,21
test,235
test,197
test,77
test,177
test,12
test,128
test,242
test,257
test,232
test,225
test,158
test,193
test,251
test,83
test,150
test,123
test,103
test,211
test,221
test,187
test,30
test,193
test,105
test,257
test,12
test,12
test,79
test,256
test,77
test,101
test,177
test,240
test,54
test,143
test,4
test,158
test,232
test,118
test,110
test,158
test,3
test,205
test,141
test,95
test,109
test,105
test,105
test,44
test,92
test,126
test,11
test,147
test,176
test,24
test,40
test,240
test,177
test,101
test,106
test,184
test,234
test,11
test,19
test,234
test,28
test,232
test,90
test,190
test,129
test,79
test,240
test,90
test,86
test,143
test,117
test,234
test,235
test,105
test,204
test,148
test,11
test,46
test,69
test,5
test,230
test,227
test,8
test,240
test,203
test,33
test,150
test,101
test,75
test,117
test,21
test,256
test,3
test,213
test,240
test,54
test,257
test,48
test,101
test,101
test,232
test,130
test,129
test,227
test,164
test,73
test,202
test,105
test,161
test,257
test,252
test,257
test,182
test,253
test,257
test,229
test,39
test,32
test,240
test,105
test,201
test,35
test,77
test,257
test,168
test,15
test,62
test,103
test,109
test,11
test,208
test,257
test,64
test,145
test,3
test,46
test,101
test,257
test,101
test,257
test,257
test,82
test,154
test,238
test,67
test,168
test,141
test,44
test,124
test,251
test,207
test,253
test,232
test,224
test,183
test,3
test,151
test,251
test,150
test,94
test,109
test,257
test,117
test,73
test,132
test,178
test,215
test,192
test,251
test,1
test,130
test,204
test,188
test,203
test,109
test,196
test,253
test,105
test,252
test,256
test,158
test,147
test,247
test,52
test,170
test,73
test,194
test,181
test,109
test,105
test,187
test,242
test,232
test,251
test,129
test,95
test,105
test,159
test,127
test,9
test,140
test,200
test,63
test,150
test,141
test,121
test,225
test,182
test,46
test,182
test,221
test,257
test,138
test,159
test,225
test,253
test,145
test,95
test,85
test,180
test,67
test,206
test,12
test,257
test,192
test,143
test,96
test,51
test,11
test,159
test,19
test,142
test,11
test,234
test,248
test,91
test,109
test,227
test,151
test,85
test,240
test,206
test,235
test,142
test,145
test,138
test,232
test,105
test,151
test,164
test,161
test,227
test,100
test,227
test,193
test,157
test,141
test,96
test,175
test,181
test,253
test,148
test,174
test,53
test,200
test,192
test,257
test,28
test,92
test,90
test,3
test,70
test,161
test,129
test,40
test,142
test,32
test,105
test,130
test,118
test,203
test,137
test,28
test,109
test,159
test,257
test,134
test,193
test,200
test,256
test,66
test,237
test,235
test,256
test,67
test,215
test,12
test,168
test,251
test,92
test,124
test,147
test,257
test,82
test,109
test,222
test,197
test,253
test,158
test,96
test,90
test,183
test,253
test,90
test,12
test,240
test,253
test,145
test,129
test,96
test,21
test,253
test,72
test,21
test,11
test,145
test,70
test,130
test,159
test,128
test,231
test,133
test,159
test,105
test,179
test,12
test,159
test,171
test,196
test,184
test,172
test,28
test,91
test,240
test,62
test,170
test,11
test,145
test,231
test,12
test,123
test,40
test,150
test,211
test,64
test,138
test,147
test,145
test,12
test,240
test,105
test,214
test,11
test,257
test,24
test,148
test,232
test,257
test,240
test,90
test,73
test,77
test,118
test,201
test,222
test,232
test,257
test,21
test,96
test,101
test,137
test,147
test,214
test,11
test,105
test,227
test,132
test,222
test,5
test,225
test,28
test,222
test,106
test,11
test,193
test,113
test,151
test,171
test,8
test,40
test,96
test,201
test,129
test,257
test,141
test,95
test,172
test,257
test,43
test,240
test,203
test,257
test,206
test,12
test,103
test,82
test,73
test,253
test,53
test,242
test,32
test,95
test,257
test,95
test,105
test,137
test,70
test,253
test,11
test,137
test,30
test,73
test,190
test,2
test,145
test,89
test,145
test,232
test,123
test,257
test,57
test,21
test,240
test,133
test,92
test,217
test,213
test,223
test,126
test,110
test,159
test,131
test,8
test,226
test,251
test,103
test,129
test,199
test,103
test,235
test,182
test,251
test,16
test,27
test,223
test,103
test,53
test,3
test,3
test,192
test,148
test,208
test,3
test,105
test,101
test,122
test,40
test,200
test,53
test,87
test,157
test,19
test,96
test,85
test,224
test,126
test,187
test,32
test,232
test,12
test,11
test,250
test,240
test,138
test,96
test,240
test,175
test,193
test,94
test,12
test,4
test,101
test,103
test,240
test,32
test,11
test,130
test,54
test,230
test,92
test,214
test,208
test,240
test,219
test,147
test,36
test,257
test,150
test,42
test,32
test,257
test,234
test,239
test,99
test,68
test,257
test,64
test,90
test,240
test,257
test,12
test,257
test,126
test,227
test,145
test,68
test,232
test,231
test,90
test,159
test,114
test,184
test,143
test,133
test,159
test,150
test,240
test,26
test,96
test,103
test,56
test,27
test,21
test,19
test,12
test,68
test,253
test,254
test,193
test,8
test,253
test,127
test,103
test,145
test,257
test,101
test,208
test,151
test,5
test,12
test,112
test,101
test,35
test,103
test,33
test,146
test,257
test,257
test,168
test,123
test,237
test,109
test,256
test,247
test,136
test,19
test,67
test,224
test,3
test,245
test,95
test,240
test,11
test,145
test,251
test,235
test,137
test,46
test,249
test,138
test,149
test,139
test,38
test,100
test,190
test,231
test,12
test,152
test,254
test,142
test,204
test,129
test,37
test,205
test,127
test,141
test,126
test,151
test,145
test,205
test,158
test,178
test,145
test,67
test,91
test,254
test,122
test,26
test,109
test,67
test,12
test,253
test,105
test,232
test,124
test,141
test,112
test,164
test,152
test,124
test,90
test,137
test,159
test,248
test,91
test,62
test,57
test,19
test,73
test,21
test,145
test,48
test,78
test,182
test,216
test,145
test,103
test,253
test,178
test,211
test,104
test,105
test,12
test,54
test,90
test,90
test,8
test,78
test,127
test,126
test,145
test,92
test,193
test,133
test,33
test,73
test,232
test,257
test,54
test,12
test,43
test,257
test,221
test,237
test,12
test,103
test,251
test,141
test,37
test,85
test,92
test,11
test,91
test,19
test,132
test,11
test,44
test,15
test,211
test,90
test,192
test,153
test,90
test,234
test,40
test,215
test,104
test,177
test,240
test,103
test,143
test,90
test,3
test,40
test,114
test,175
test,257
test,21
test,253
test,124
test,234
test,251
test,250
test,159
test,109
test,8
test,54
test,251
test,91
test,5
test,253
test,159
test,158
test,132
test,231
test,123
test,11
test,129
test,11
test,235
test,193
test,73
test,184
test,193
test,5
test,19
test,253
test,252
test,164
test,2
test,203
test,46
test,257
test,257
test,232
test,240
test,225
test,145
test,21
test,208
test,105
test,21
test,96
test,16
test,250
test,147
test,221
test,240
test,152
test,59
test,130
test,151
test,123
test,96
test,222
test,257
test,216
test,48
test,208
test,257
test,120
test,253
test,77
test,159
test,232
test,231
test,159
test,201
test,247
test,124
test,178
test,134
test,231
test,12
test,239
test,200
test,95
test,3
test,208
test,103
test,12
test,231
test,159
test,123
test,68
test,256
test,253
test,62
test,177
test,11
test,96
test,15
test,232
test,64
test,12
test,87
test,227
test,207
test,91
test,207
test,240
test,32
test,257
test,177
test,154
test,36
test,15
test,150
test,240
test,90
test,51
test,21
test,68
test,133
test,253
test,54
test,96
test,232
test,252
test,105
test,91
test,11
test,19
test,252
test,213
test,40
test,115
test,232
test,223
test,71
test,28
test,108
test,3
test,77
test,232
test,251
test,123
test,44
test,152
test,100
test,11
test,203
test,214
test,194
test,208
test,193
test,175
test,250
test,8
test,253
test,253
test,227
test,240
test,5
test,12
test,15
test,232
test,50
test,11
test,232
test,96
test,73
test,257
test,255
test,53
test,95
test,11
test,202
test,159
test,240
test,21
test,187
test,236
test,200
test,123
test,105
test,161
test,145
test,137
test,84
test,240
test,187
test,12
test,109
test,35
test,148
test,109
test,35
test,186
test,221
test,257
test,90
test,108
test,161
test,8
test,235
test,231
test,90
test,251
test,240
test,157
test,35
test,67
test,232
test,12
test,174
test,53
test,194
test,193
test,107
test,225
test,232
test,103
test,225
test,9
test,57
test,112
test,129
test,145
test,240
test,200
test,257
test,101
test,90
test,145
test,204
test,12
test,101
test,232
test,40
test,220
test,227
test,92
test,129
test,58
test,194
test,46
test,221
test,112
test,193
test,132
test,254
test,237
test,6
test,175
test,230
test,73
test,132
test,3
test,8
test,198
test,187
test,11
test,82
test,11
test,126
test,105
test,176
test,235
test,12
test,250
test,57
test,257
test,129
test,61
test,100
test,230
test,151
test,240
test,159
test,221
test,253
test,208
test,142
test,109
test,147
test,118
test,12
test,174
test,105
test,227
test,240
test,240
test,57
test,240
test,40
test,215
test,24
test,202
test,168
test,139
test,232
test,232
test,221
test,202
test,48
test,53
test,208
test,92
test,2
test,253
test,48
test,12
test,190
test,235
test,251
test,86
test,157
test,28
test,253
test,193
test,180
test,222
test,120
test,77
test,90
test,257
test,83
test,80
test,126
test,53
test,145
test,257
test,134
test,86
test,3
test,179
test,147
test,203
test,232
test,242
test,251
test,159
test,190
test,247
test,257
test,223
test,12
test,20
test,20
test,129
test,40
test,216
test,127
test,101
test,147
test,193
test,257
test,103
test,11
test,103
test,12
test,84
test,168
test,208
test,101
test,234
test,77
test,160
test,11
test,72
test,257
test,220
test,1
test,123
test,19
test,156
test,153
test,168
test,12
test,250
test,92
test,159
test,128
test,148
test,214
test,11
test,94
test,138
test,232
test,251
test,175
test,132
test,96
test,19
test,238
test,92
test,200
test,126
test,142
test,132
test,208
test,40
test,235
test,68
test,53
test,46
test,257
test,129
test,142
test,253
test,232
test,238
test,212
test,62
test,72
test,198
test,147
test,240
test,109
test,256
test,253
test,48
test,8
test,225
test,222
test,257
test,91
test,3
test,175
test,227
test,240
test,221
test,158
test,178
test,240
test,141
test,240
test,147
test,25
test,230
test,232
test,44
test,208
test,92
test,240
test,217
test,232
test,65
test,100
test,164
test,238
test,50
test,142
test,192
test,92
test,32
test,85
test,105
test,50
test,12
test,8
test,108
test,257
test,12
test,8
test,145
test,232
test,204
test,220
test,103
test,257
test,40
test,11
test,90
test,232
test,36
test,230
test,24
test,253
test,90
test,15
test,232
test,96
test,145
test,130
test,12
test,72
test,150
test,96
test,103
test,85
test,183
test,145
test,257
test,205
test,143
test,150
test,105
test,147
test,240
test,92
test,12
test,5
test,105
test,241
test,28
test,232
test,109
test,54
test,141
test,257
test,148
test,224
test,190
test,147
test,175
test,232
test,79
test,238
test,99
test,253
test,101
test,187
test,77
test,170
test,147
test,172
test,3
test,63
test,118
test,94
test,214
test,16
test,141
test,19
test,105
test,145
test,12
test,91
test,110
test,12
test,164
test,220
test,126
test,257
test,65
test,257
test,193
test,251
test,118
test,11
test,217
test,256
test,232
test,204
test,146
test,19
test,35
test,251
test,19
test,234
test,105
test,11
test,96
test,211
test,105
test,105
test,130
test,96
test,151
test,257
test,224
test,28
test,163
test,240
test,208
test,208
test,81
test,148
test,251
test,114
test,147
test,107
test,48
test,145
test,156
test,46
test,12
test,65
test,105
test,28
test,227
test,12
test,145
test,147
test,148
test,145
test,257
test,101
test,257
test,46
test,118
test,166
test,159
test,39
test,51
test,75
test,90
test,204
test,156
test,164
test,25
test,127
test,103
test,49
test,253
test,36
test,158
test,233
test,85
test,133
test,92
test,145
test,227
test,105
test,247
test,105
test,253
test,133
test,151
test,145
test,192
test,170
test,232
test,240
test,123
test,13
test,136
test,234
test,215
test,3
test,230
test,158
test,21
test,227
test,104
test,11
test,216
test,145
test,43
test,64
test,38
test,240
test,15
test,154
test,103
test,230
test,240
test,178
test,12
test,164
test,240
test,100
test,231
test,231
test,158
test,123
test,11
test,148
test,227
test,128
test,253
test,257
test,35
test,224
test,232
test,153
test,91
test,95
test,178
test,227
test,33
test,217
test,227
test,127
test,147
test,73
test,224
test,227
test,15
test,17
test,235
test,15
test,207
test,59
test,57
test,12
test,204
test,257
test,103
test,72
test,62
test,164
test,227
test,11
test,181
test,64
test,159
test,250
test,19
test,73
test,145
test,257
test,153
test,90
test,90
test,145
test,124
test,11
test,8
test,35
test,252
test,230
test,132
test,187
test,109
test,73
test,215
test,235
test,26
test,62
test,21
test,231
test,11
test,190
test,126
test,90
test,44
test,100
test,212
test,103
test,231
test,101
test,64
test,12
test,103
test,168
test,158
test,188
test,44
test,204
test,96
test,253
test,254
test,92
test,257
test,46
test,37
test,12
test,257
test,152
test,256
test,44
test,46
test,225
test,243
test,70
test,36
test,145
test,177
test,79
test,251
test,170
test,239
test,151
test,253
test,257
test,67
test,148
test,108
test,177
test,251
test,15
test,257
test,3
test,1
test,68
test,222
test,190
test,257
test,5
test,171
test,82
test,8
test,24
test,91
test,164
test,12
test,251
test,117
test,241
test,28
test,230
test,15
test,145
test,240
test,15
test,105
test,30
test,251
test,141
test,143
test,257
test,159
test,156
test,157
test,151
test,141
test,90
test,90
test,109
test,96
test,78
test,150
test,137
test,253
test,248
test,251
test,21
test,21
test,70
test,257
test,36
test,44
test,40
test,16
test,221
test,204
test,28
test,46
test,3
test,90
test,16
test,240
test,91
test,253
test,92
test,232
test,232
test,101
test,6
test,168
test,148
test,39
test,145
test,129
test,257
test,257
test,255
test,23
test,68
test,19
test,12
test,158
test,12
test,53
test,91
test,105
test,257
test,109
test,138
test,92
test,159
test,46
test,257
test,192
test,151
test,143
test,257
test,75
test,151
test,43
test,138
test,168
test,159
test,198
test,90
test,253
test,96
test,48
test,105
test,46
test,251
test,253
test,248
test,92
test,257
test,257
test,16
test,123
test,232
test,157
test,68
test,12
test,257
test,96
test,118
test,12
test,154
test,213
test,248
test,68
test,151
test,257
test,253
test,107
test,123
test,109
test,159
test,145
test,8
test,117
test,126
test,240
test,159
test,79
test,90
test,240
test,206
test,149
test,119
test,90
test,141
test,103
test,28
test,11
test,43
test,90
test,235
test,28
test,103
test,257
test,232
test,227
test,224
test,50
test,8
test,21
test,46
test,145
test,129
test,129
test,12
test,32
test,257
test,73
test,208
test,151
test,145
test,22
test,96
test,11
test,204
test,232
test,250
test,202
test,232
test,196
test,21
test,18
test,137
test,251
test,154
test,6
test,151
test,49
test,240
test,44
test,232
test,137
test,253
test,142
test,237
test,208
test,151
test,232
test,77
test,230
test,164
test,36
test,130
test,234
test,192
test,257
test,149
test,251
test,21
test,159
test,102
test,250
test,134
test,126
test,82
test,103
test,103
test,96
test,122
test,64
test,24
test,235
test,232
test,59
test,183
test,40
test,11
test,54
test,126
test,53
test,257
test,159
test,232
test,92
test,193
test,214
test,58
test,140
test,232
test,21
test,212
test,134
test,178
test,217
test,252
test,19
test,221
test,54
test,257
test,12
test,4
test,12
test,177
test,158
test,172
test,182
test,242
test,175
test,168
test,213
test,209
test,12
test,213
test,145
test,126
test,257
test,234
test,252
test,238
test,257
test,11
test,12
test,123
test,170
test,33
test,109
test,207
test,32
test,140
test,255
test,134
test,59
test,11
test,12
test,120
test,143
test,11
test,25
test,240
test,132
test,147
test,114
test,241
test,18
test,207
test,251
test,164
test,240
test,256
test,8
test,143
test,164
test,79
test,183
test,44
test,181
test,59
test,92
test,153
test,96
test,92
test,90
test,82
test,54
test,126
test,149
test,130
test,147
test,251
test,28
test,21
test,253
test,96
test,132
test,130
test,12
test,132
test,68
test,220
test,79
test,109
test,77
test,74
test,77
test,232
test,132
test,11
test,257
test,251
test,12
test,257
test,26
test,12
test,137
test,256
test,129
test,232
test,206
test,32
test,82
test,130
test,142
test,102
test,3
test,28
test,48
test,130
test,208
test,257
test,124
test,134
test,257
test,40
test,257
test,11
test,129
test,250
test,256
test,145
test,105
test,77
test,130
test,235
test,12
test,77
test,240
test,251
test,132
test,58
test,146
test,148
test,256
test,234
test,134
test,54
test,54
test,227
test,250
test,159
test,28
test,224
test,253
test,15
test,103
test,153
test,23
test,11
test,212
test,250
test,58
test,159
test,46
test,222
test,230
test,137
test,37
test,178
test,19
test,132
test,158
test,232
test,196
test,231
test,3
test,190
test,92
test,184
test,251
test,68
test,230
test,85
test,159
test,37
test,3
test,251
test,172
test,11
test,177
test,3
test,224
test,148
test,32
test,235
test,129
test,53
test,207
test,204
test,147
test,251
test,159
test,234
test,257
test,213
test,232
test,133
test,240
test,151
test,253
test,177
test,157
test,202
test,36
test,177
test,35
test,21
test,12
test,150
test,120
test,204
test,257
test,5
test,90
test,240
test,74
test,202
test,205
test,105
test,251
test,19
test,12
test,253
test,257
test,92
test,82
test,133
test,141
test,232
test,129
test,257
test,99
test,152
test,54
test,109
test,208
test,251
test,66
test,129
test,202
test,178
test,251
test,234
test,109
test,8
test,216
test,242
test,12
test,251
test,147
test,74
test,186
test,159
test,148
test,43
test,242
test,231
test,145
test,70
test,12
test,232
test,54
test,198
test,109
test,38
test,257
test,145
test,114
test,32
test,62
test,242
test,68
test,205
test,1
test,147
test,51
test,257
test,159
test,232
test,257
test,137
test,105
test,137
test,126
test,96
test,176
test,35
test,151
test,23
test,5
test,105
test,7
test,159
test,40
test,11
test,26
test,241
test,39
test,53
test,257
test,5
test,2
test,159
test,11
test,128
test,193
test,12
test,8
test,213
test,257
test,44
test,222
test,117
test,11
test,107
test,159
test,194
test,108
test,232
test,123
test,193
test,3
test,118
test,149
test,159
test,145
test,251
test,177
test,168
test,103
test,11
test,257
test,59
test,251
test,213
test,105
test,38
test,11
test,177
test,190
test,208
test,201
test,253
test,148
test,96
test,23
test,19
test,43
test,237
test,240
test,242
test,240
test,3
test,44
test,240
test,148
test,257
test,158
test,141
test,150
test,132
test,105
test,19
test,11
test,240
test,208
test,204
test,106
test,129
test,204
test,104
test,241
test,211
test,44
test,37
test,111
test,232
test,248
test,224
test,92
test,126
test,70
test,28
test,178
test,240
test,85
test,73
test,105
test,257
test,147
test,105
test,216
test,137
test,124
test,12
test,96
test,168
test,172
test,232
test,39
test,232
test,85
test,145
test,124
test,168
test,151
test,257
test,159
test,24
test,20
test,253
test,68
test,257
test,12
test,227
test,159
test,43
test,253
test,148
test,220
test,129
test,46
test,57
test,19
test,251
test,107
test,11
test,193
test,11
test,190
test,29
test,145
test,237
test,164
test,132
test,85
test,126
test,163
test,183
test,232
test,11
test,253
test,38
test,40
test,257
test,253
test,54
test,12
test,73
test,204
test,92
test,122
test,63
test,232
test,172
test,54
test,237
test,240
test,239
test,105
test,96
test,127
test,4
test,92
test,92
test,235
test,190
test,12
test,48
test,85
test,227
test,103
test,142
test,62
test,213
test,134
test,151
test,133
test,257
test,92
test,12
test,257
test,204
test,207
test,211
test,58
test,90
test,103
test,32
test,252
test,70
test,130
test,164
test,96
test,192
test,105
test,145
test,109
test,253
test,70
test,251
test,68
test,256
test,112
test,194
test,219
test,231
test,147
test,105
test,235
test,192
test,131
test,229
test,232
test,73
test,46
test,145
test,257
test,54
test,36
test,168
test,252
test,105
test,177
test,187
test,85
test,256
test,253
test,215
test,234
test,257
test,96
test,177
test,3
test,251
test,257
test,201
test,105
test,158
test,101
test,83
test,148
test,224
test,12
test,232
test,243
test,73
test,257
test,37
test,257
test,104
test,21
test,177
test,107
test,237
test,159
test,159
test,172
test,240
test,96
test,208
test,80
test,175
test,251
test,217
test,11
test,52
test,148
test,179
test,196
test,35
test,217
test,204
test,156
test,251
test,51
test,79
test,107
test,105
test,138
test,242
test,109
test,254
test,12
test,109
test,232
test,86
test,178
test,145
test,132
test,240
test,257
test,240
test,2
test,163
test,229
test,232
test,146
test,241
test,225
test,12
test,177
test,178
test,68
test,143
test,190
test,232
test,11
test,145
test,161
test,98
test,32
test,177
test,212
test,40
test,224
test,19
test,117
test,105
test,218
test,257
test,164
test,108
test,11
test,12
test,59
test,57
test,234
test,148
test,35
test,256
test,109
test,96
test,257
test,148
test,257
test,232
test,253
test,213
test,92
test,257
test,12
test,232
test,171
test,11
test,12
test,200
test,240
test,208
test,158
test,257
test,253
test,257
test,3
test,127
test,23
test,221
test,151
test,240
test,160
test,46
test,68
test,53
test,105
test,234
test,178
test,36
test,225
test,239
test,150
test,253
test,105
test,17
test,146
test,234
test,103
test,243
test,152
test,253
test,21
test,251
test,212
test,230
test,159
test,145
test,251
test,242
test,159
test,105
test,159
test,11
test,68
test,234
test,132
test,157
test,50
test,79
test,158
test,193
test,146
test,8
test,23
test,3
test,101
test,73
test,7
test,15
test,152
test,19
test,152
test,240
test,19
test,257
test,12
test,164
test,11
test,253
test,24
test,96
test,92
test,257
test,208
test,148
test,234
test,12
test,12
test,225
test,143
test,200
test,73
test,227
test,127
test,257
test,5
test,28
test,147
test,20
test,48
test,232
test,8
test,30
test,223
test,108
test,257
test,73
test,240
test,159
test,190
test,129
test,83
test,37
test,158
test,8
test,222
test,109
test,251
test,153
test,75
test,46
test,67
test,240
test,241
test,157
test,148
test,141
test,232
test,253
test,3
test,221
test,216
test,103
test,193
test,11
test,129
test,213
test,92
test,28
test,257
test,11
test,116
test,240
test,241
test,2
test,248
test,145
test,28
test,32
test,129
test,11
test,224
test,192
test,17
test,77
test,211
test,12
test,122
test,214
test,198
test,32
test,46
test,101
test,90
test,158
test,234
test,94
test,257
test,132
test,164
test,250
test,123
test,77
test,11
test,103
test,118
test,190
test,201
test,240
test,143
test,253
test,251
test,208
test,15
test,127
test,222
test,103
test,177
test,230
test,143
test,65
test,17
test,12
test,105
test,40
test,38
test,61
test,205
test,4
test,132
test,257
test,39
test,2
test,53
test,158
test,1
test,168
test,237
test,257
test,12
test,253
test,11
test,221
test,100
test,132
test,12
test,105
test,164
test,183
test,105
test,204
test,134
test,21
test,235
test,101
test,232
test,192
test,140
test,178
test,105
test,253
test,129
test,33
test,68
test,137
test,129
test,130
test,8
test,204
test,243
test,96
test,207
test,250
test,161
test,151
test,130
test,112
test,188
test,8
test,15
test,253
test,62
test,92
test,11
test,6
test,183
test,103
test,231
test,187
test,178
test,227
test,91
test,8
test,208
test,96
test,90
test,40
test,257
test,148
test,240
test,253
test,123
test,240
test,232
test,24
test,198
test,200
test,103
test,257
test,8
test,44
test,126
test,54
test,12
test,232
test,235
test,103
test,133
test,105
test,227
test,204
test,168
test,68
test,24
test,32
test,5
test,257
test,105
test,11
test,184
test,130
test,201
test,251
test,59
test,46
test,134
test,90
test,213
test,190
test,129
test,145
test,251
test,132
test,253
test,257
test,19
test,12
test,72
test,227
test,143
test,123
test,257
test,130
test,234
test,21
test,12
test,96
test,221
test,105
test,96
test,46
test,5
test,109
test,123
test,235
test,221
test,207
test,40
test,86
test,90
test,232
test,212
test,73
test,211
test,145
test,150
test,90
test,240
test,46
test,232
test,100
test,52
test,240
test,72
test,182
test,123
test,240
test,147
test,170
test,158
test,90
test,19
test,107
test,3
test,208
test,103
test,213
test,146
test,26
test,240
test,6
test,209
test,23
test,257
test,68
test,201
test,238
test,243
test,227
test,132
test,77
test,90
test,227
test,11
test,222
test,128
test,232
test,35
test,16
test,72
test,68
test,257
test,130
test,257
test,204
test,164
test,145
test,53
test,187
test,142
test,3
test,24
test,92
test,126
test,134
test,253
test,140
test,8
test,239
test,105
test,82
test,184
test,257
test,256
test,242
test,51
test,158
test,68
test,187
test,27
test,251
test,150
test,103
test,11
test,19
test,146
test,147
test,1
test,250
test,193
test,54
test,176
test,129
test,158
test,253
test,255
test,12
test,67
test,178
test,193
test,234
test,143
test,151
test,221
test,148
test,235
test,101
test,213
test,133
test,12
test,213
test,250
test,96
test,90
test,231
test,158
test,70
test,11
test,154
test,159
test,149
test,257
test,257
test,66
test,25
test,240
test,5
test,27
test,96
test,240
test,240
test,90
test,251
test,147
test,164
test,112
test,130
test,73
test,176
test,90
test,213
test,252
test,158
test,181
test,11
test,246
test,234
test,235
test,184
test,200
test,257
test,137
test,104
test,142
test,242
test,182
test,50
test,12
test,252
test,96
test,183
test,80
test,207
test,214
test,35
test,240
test,240
test,216
test,99
test,220
test,145
test,109
test,90
test,256
test,72
test,16
test,192
test,240
test,221
test,62
test,232
test,91
test,224
test,37
test,19
test,151
test,72
test,240
test,187
test,256
test,240
test,5
test,91
test,12
test,253
test,126
test,90
test,184
test,241
test,124
test,234
test,257
test,227
test,142
test,251
test,178
test,232
test,257
test,33
test,75
test,15
test,220
test,12
test,8
test,11
test,168
test,175
test,164
test,132
test,257
test,92
test,204
test,63
test,68
test,161
test,103
test,46
test,253
test,31
test,251
test,227
test,240
test,137
test,104
test,227
test,17
test,204
test,109
test,232
test,234
test,96
test,147
test,251
test,147
test,23
test,127
test,49
test,40
test,164
test,240
test,158
test,200
test,11
test,109
test,90
test,193
test,12
test,3
test,242
test,132
test,134
test,145
test,62
test,208
test,82
test,101
test,175
test,227
test,232
test,257
test,50
test,253
test,117
test,148
test,159
test,132
test,59
test,96
test,40
test,225
test,37
test,224
test,103
test,154
test,178
test,12
test,15
test,105
test,145
test,227
test,257
test,184
test,127
test,126
test,72
test,227
test,40
test,46
test,193
test,235
test,38
test,213
test,200
test,145
test,4
test,198
test,240
test,147
test,152
test,13
test,87
test,112
test,145
test,252
test,232
test,53
test,158
test,132
test,53
test,225
test,231
test,74
test,190
test,91
test,215
test,205
test,166
test,109
test,148
test,237
test,3
test,123
test,46
test,15
test,109
test,3
test,5
test,96
test,33
test,53
test,253
test,148
test,245
test,73
test,193
test,168
test,46
test,119
test,224
test,129
test,46
test,145
test,240
test,253
test,208
test,253
test,84
test,204
test,33
test,46
test,235
test,164
test,3
test,103
test,227
test,114
test,241
test,11
test,8
test,255
test,118
test,253
test,68
test,214
test,54
test,209
test,159
test,232
test,168
test,240
test,28
test,236
test,148
test,138
test,43
test,193
test,3
test,21
test,251
test,172
test,64
test,53
test,256
test,240
test,196
test,26
test,12
test,235
test,219
test,203
test,62
test,12
test,240
test,96
test,223
test,257
test,103
test,149
test,164
test,40
test,240
test,75
test,217
test,91
test,147
test,189
test,252
test,130
test,232
test,109
test,222
test,96
test,7
test,105
test,253
test,140
test,12
test,12
test,171
test,227
test,226
test,39
test,150
test,156
test,105
test,101
test,35
test,19
test,15
test,232
test,92
test,145
test,21
test,105
test,235
test,12
test,232
test,241
test,257
test,105
test,240
test,68
test,248
test,168
test,235
test,5
test,202
test,35
test,240
test,216
test,145
test,221
test,232
test,8
test,3
test,126
test,5
test,49
test,12
test,257
test,28
test,1
test,100
test,69
test,28
test,2
test,147
test,212
test,105
test,103
test,232
test,251
test,2
test,11
test,232
test,196
test,184
test,216
test,82
test,194
test,253
test,123
test,186
test,1
test,109
test,37
test,158
test,44
test,159
test,215
test,147
test,174
test,90
test,77
test,81
test,205
test,96
test,67
test,257
test,82
test,15
test,240
test,251
test,257
test,68
test,124
test,141
test,46
test,145
test,73
test,77
test,73
test,147
test,143
test,72
test,130
test,7
test,251
test,57
test,251
test,232
test,15
test,92
test,253
test,232
test,11
test,257
test,51
test,190
test,8
test,201
test,12
test,118
test,92
test,170
test,5
test,4
test,240
test,232
test,12
test,96
test,105
test,143
test,193
test,130
test,69
test,101
test,91
test,90
test,68
test,3
test,145
test,114
test,11
test,188
test,257
test,181
test,257
test,68
test,123
test,64
test,105
test,126
test,240
test,78
test,43
test,11
test,159
test,54
test,96
test,113
test,68
test,190
test,103
test,51
test,126
test,72
test,192
test,107
test,164
test,257
test,142
test,211
test,48
test,12
test,130
test,216
test,109
test,192
test,257
test,200
test,164
test,159
test,175
test,21
test,12
test,86
test,26
test,232
test,257
test,257
test,53
test,208
test,37
test,90
test,252
test,147
test,147
test,105
test,138
test,103
test,191
test,257
test,7
test,68
test,240
test,159
test,117
test,190
test,172
test,257
test,149
test,143
test,164
test,143
test,5
test,102
test,159
test,257
test,28
test,30
test,253
test,124
test,117
test,11
test,48
test,158
test,164
test,35
test,95
test,124
test,68
test,137
test,12
test,105
test,96
test,204
test,164
test,251
test,204
test,257
test,1
test,77
test,105
test,12
test,232
test,22
test,232
test,241
test,208
test,104
test,212
test,79
test,233
test,127
test,247
test,138
test,157
test,229
test,204
test,12
test,81
test,100
test,232
test,91
test,205
test,164
test,235
test,54
test,145
test,70
test,25
test,240
test,12
test,12
test,8
test,222
test,170
test,73
test,26
test,129
test,101
test,5
test,231
test,21
test,188
test,123
test,203
test,81
test,105
test,6
test,146
test,68
test,253
test,240
test,230
test,2
test,3
test,12
test,12
test,234
test,15
test,175
test,13
test,237
test,68
test,251
test,11
test,43
test,169
test,157
test,90
test,214
test,91
test,23
test,253
test,123
test,240
test,1
test,44
test,26
test,36
test,46
test,253
test,193
test,225
test,138
test,232
test,130
test,137
test,86
test,251
test,40
test,159
test,72
test,225
test,40
test,94
test,130
test,112
test,58
test,21
test,43
test,19
test,192
test,91
test,11
test,186
test,253
test,239
test,67
test,159
test,12
test,147
test,12
test,253
test,207
test,119
test,108
test,232
test,253
test,253
test,224
test,208
test,73
test,257
test,103
test,256
test,190
test,204
test,12
test,158
test,12
test,124
test,164
test,19
test,95
test,44
test,149
test,85
test,101
test,133
test,43
test,219
test,253
test,181
test,221
test,54
test,73
test,109
test,232
test,5
test,118
test,208
test,213
test,251
test,183
test,145
test,253
test,12
test,48
test,52
test,100
test,67
test,124
test,257
test,130
test,145
test,222
test,194
test,105
test,237
test,123
test,64
test,96
test,46
test,90
test,231
test,11
test,149
test,187
test,19
test,164
test,218
test,149
test,8
test,90
test,32
test,159
test,232
test,105
test,96
test,168
test,46
test,107
test,142
test,257
test,96
test,250
test,253
test,124
test,44
test,257
test,92
test,54
test,137
test,257
test,143
test,126
test,249
test,240
test,159
test,145
test,103
test,116
test,235
test,232
test,235
test,190
test,216
test,232
test,32
test,35
test,19
test,213
test,178
test,240
test,170
test,1
test,240
test,103
test,145
test,86
test,172
test,150
test,46
test,257
test,36
test,57
test,200
test,6
test,3
test,43
test,104
test,35
test,44
test,145
test,33
test,90
test,8
test,154
test,240
test,250
test,105
test,190
test,230
test,21
test,96
test,68
test,28
test,172
test,105
test,257
test,170
test,12
test,240
test,48
test,92
test,208
test,240
test,68
test,147
test,231
test,48
test,224
test,182
test,24
test,230
test,232
test,138
test,26
test,68
test,240
test,182
test,216
test,46
test,201
test,257
test,75
test,11
test,237
test,257
test,238
test,103
test,96
test,103
test,187
test,15
test,231
test,220
test,62
test,8
test,215
test,175
test,242
test,138
test,12
test,232
test,257
test,230
test,44
test,232
test,230
test,73
test,216
test,248
test,82
test,37
test,73
test,32
test,126
test,103
test,22
test,67
test,90
test,177
test,124
test,3
test,32
test,164
test,132
test,190
test,64
test,54
test,105
test,147
test,123
test,159
test,232
test,39
test,221
test,74
test,103
test,63
test,103
test,74
test,235
test,21
test,148
test,12
test,187
test,36
test,2
test,96
test,252
test,257
test,21
test,253
test,159
test,177
test,74
test,147
test,158
test,170
test,8
test,109
test,178
test,109
test,250
test,124
test,158
test,19
test,145
test,105
test,247
test,252
test,101
test,240
test,48
test,207
test,35
test,128
test,158
test,143
test,240
test,126
test,12
test,232
test,105
test,168
test,234
test,126
test,224
test,150
test,225
test,44
test,28
test,207
test,160
test,221
test,145
test,201
test,105
test,154
test,120
test,257
test,178
test,240
test,11
test,3
test,257
test,101
test,96
test,21
test,225
test,145
test,73
test,196
test,49
test,105
test,257
test,124
test,251
test,132
test,231
test,37
test,129
test,190
test,129
test,147
test,183
test,206
test,257
test,151
test,105
test,12
test,123
test,94
test,182
test,103
test,12
test,134
test,103
test,150
test,68
test,232
test,251
test,184
test,147
test,28
test,207
test,92
test,124
test,86
test,134
test,20
test,82
test,133
test,248
test,85
test,26
test,53
test,105
test,68
test,236
test,114
test,21
test,57
test,240
test,158
test,227
test,80
test,247
test,177
test,11
test,255
test,225
test,245
test,12
test,208
test,253
test,133
test,91
test,253
test,164
test,137
test,77
test,145
test,148
test,224
test,164
test,138
test,251
test,209
test,39
test,253
test,232
test,129
test,172
test,141
test,213
test,24
test,164
test,208
test,8
test,208
test,257
test,150
test,257
test,147
test,257
test,103
test,139
test,150
test,140
test,141
test,40
test,14
test,148
test,255
test,257
test,40
test,141
test,11
test,234
test,175
test,35
test,257
test,147
test,134
test,28
test,170
test,256
test,190
test,242
test,46
test,257
test,11
test,257
test,231
test,11
test,126
test,159
test,187
test,253
test,224
test,145
test,182
test,12
test,208
test,194
test,105
test,32
test,215
test,21
test,8
test,221
test,232
test,250
test,123
test,225
test,216
test,240
test,256
test,253
test,188
test,17
test,123
test,11
test,257
test,68
test,257
test,232
test,232
test,68
test,103
test,21
test,32
test,138
test,146
test,132
test,252
test,96
test,248
test,9
test,184
test,137
test,91
test,198
test,36
test,54
test,217
test,123
test,92
test,200
test,257
test,193
test,132
test,159
test,123
test,244
test,252
test,253
test,11
test,8
test,205
test,205
test,253
test,214
test,108
test,147
test,158
test,146
test,129
test,151
test,118
test,253
test,251
test,257
test,190
test,145
test,92
test,129
test,54
test,105
test,25
test,166
test,141
test,213
test,101
test,193
test,140
test,257
test,105
test,253
test,257
test,7
test,192
test,73
test,202
test,114
test,227
test,174
test,82
test,164
test,156
test,4
test,109
test,147
test,11
test,37
test,46
test,96
test,204
test,240
test,137
test,137
test,109
test,28
test,187
test,12
test,175
test,23
test,237
test,153
test,64
test,159
test,205
test,187
test,19
test,222
test,123
test,117
test,221
test,232
test,157
test,159
test,39
test,24
test,226
test,12
test,54
test,208
test,103
test,92
test,247
test,96
test,257
test,237
test,3
test,68
test,11
test,149
test,32
test,204
test,185
test,64
test,40
test,32
test,205
test,68
test,72
test,252
test,54
test,84
test,233
test,25
test,232
test,32
test,182
test,200
test,105
test,133
test,208
test,101
test,46
test,251
test,202
test,77
test,123
test,231
test,131
test,221
test,81
test,96
test,83
test,248
test,91
test,221
test,46
test,129
test,96
test,103
test,11
test,159
test,145
test,96
test,151
test,12
test,239
test,105
test,129
test,159
test,159
test,238
test,230
test,152
test,240
test,208
test,104
test,240
test,257
test,192
test,39
test,109
test,231
test,257
test,257
test,109
test,251
test,90
test,141
test,32
test,246
test,118
test,148
test,234
test,222
test,68
test,257
test,96
test,227
test,59
test,257
test,207
test,138
test,230
test,121
test,242
test,5
test,250
test,145
test,159
test,177
test,241
test,145
test,11
test,143
test,118
test,19
test,257
test,128
test,194
test,251
test,181
test,240
test,164
test,222
test,32
test,100
test,90
test,2
test,200
test,134
test,138
test,73
test,129
test,145
test,213
test,53
test,257
test,11
test,225
test,143
test,8
test,182
test,82
test,196
test,207
test,200
test,123
test,132
test,145
test,21
test,150
test,118
test,242
test,192
test,161
test,257
test,183
test,90
test,96
test,243
test,12
test,137
test,200
test,147
test,224
test,257
test,54
test,126
test,247
test,105
test,190
test,96
test,100
test,5
test,25
test,221
test,251
test,90
test,192
test,101
test,32
test,257
test,234
test,247
test,217
test,123
test,73
test,43
test,198
test,78
test,91
test,95
test,15
test,232
test,164
test,209
test,45
test,227
test,251
test,204
test,109
test,192
test,240
test,182
test,12
test,235
test,133
test,207
test,166
test,91
test,145
test,68
test,138
test,19
test,232
test,129
test,158
test,151
test,61
test,74
test,145
test,213
test,5
test,232
test,183
test,251
test,242
test,46
test,19
test,232
test,230
test,82
test,8
test,126
test,251
test,105
test,205
test,105
test,32
test,159
test,168
test,220
test,213
test,244
test,85
test,253
test,58
test,257
test,220
test,186
test,190
test,226
test,103
test,19
test,36
test,232
test,158
test,246
test,257
test,151
test,103
test,213
test,200
test,138
test,232
test,12
test,108
test,190
test,28
test,40
test,169
test,105
test,250
test,122
test,73
test,147
test,183
test,257
test,196
test,194
test,5
test,129
test,148
test,232
test,253
test,126
test,46
test,141
test,240
test,257
test,176
test,90
test,232
test,151
test,253
test,154
test,147
test,21
test,85
test,134
test,51
test,64
test,183
test,159
test,96
test,178
test,253
test,152
test,250
test,129
test,64
test,73
test,53
test,28
test,232
test,11
test,50
test,151
test,257
test,159
test,133
test,105
test,11
test,127
test,232
test,207
test,96
test,109
test,35
test,232
test,11
test,11
test,98
test,256
test,90
test,240
test,190
test,196
test,95
test,221
test,143
test,11
test,232
test,123
test,221
test,12
test,105
test,240
test,227
test,133
test,253
test,251
test,12
test,12
test,235
test,253
test,257
test,204
test,17
test,251
test,19
test,154
test,72
test,182
test,24
test,145
test,257
test,213
test,223
test,53
test,240
test,19
test,250
test,25
test,109
test,170
test,33
test,105
test,35
test,168
test,146
test,240
test,32
test,224
test,107
test,11
test,105
test,77
test,129
test,90
test,129
test,257
test,145
test,251
test,168
test,200
test,104
test,124
test,255
test,12
test,68
test,105
test,151
test,207
test,74
test,19
test,105
test,168
test,73
test,85
test,232
test,147
test,28
test,159
test,175
test,90
test,11
test,178
test,81
test,21
test,231
test,103
test,114
test,257
test,82
test,133
test,105
test,208
test,143
test,81
test,11
test,103
test,58
test,33
test,200
test,90
test,90
test,216
test,235
test,250
test,159
test,257
test,137
test,68
test,192
test,225
test,11
test,96
test,68
test,205
test,17
test,3
test,170
test,148
test,11
test,11
test,15
test,103
test,109
test,232
test,33
test,157
test,147
test,130
test,134
test,46
test,109
test,140
test,12
test,43
test,92
test,147
test,231
test,73
test,203
test,38
test,124
test,224
test,54
test,92
test,232
test,103
test,92
test,182
test,12
test,123
test,148
test,11
test,225
test,253
test,105
test,50
test,134
test,177
test,257
test,177
test,126
test,8
test,103
test,15
test,90
test,37
test,242
test,103
test,11
test,10
test,253
test,46
test,44
test,53
test,234
test,256
test,119
test,158
test,3
test,7
test,240
test,54
test,107
test,150
test,227
test,8
test,200
test,250
test,184
test,257
test,138
test,105
test,257
test,240
test,193
test,3
test,213
test,126
test,171
test,230
test,257
test,247
test,11
test,200
test,124
test,207
test,225
test,253
test,151
test,90
test,169
test,26
test,232
test,232
test,235
test,150
test,212
test,145
test,257
test,232
test,212
test,105
test,12
test,252
test,20
test,253
test,96
test,143
test,232
test,232
test,64
test,257
test,159
test,109
test,178
test,232
test,240
test,25
test,44
test,85
test,103
test,68
test,54
test,101
test,49
test,217
test,19
test,152
test,231
test,38
test,12
test,44
test,86
test,138
test,257
test,251
test,101
test,251
test,130
test,40
test,11
test,240
test,254
test,232
test,96
test,43
test,204
test,182
test,231
test,68
test,15
test,70
test,26
test,77
test,256
test,240
test,96
test,224
test,224
test,11
test,92
test,238
test,240
test,19
test,190
test,11
test,251
test,122
test,185
test,128
test,12
test,181
test,147
test,119
test,44
test,130
test,131
test,90
test,21
test,257
test,3
test,253
test,133
test,126
test,227
test,187
test,46
test,138
test,127
test,12
test,237
test,257
test,245
test,253
test,73
test,190
test,54
test,232
test,73
test,128
test,257
test,159
test,220
test,168
test,105
test,12
test,108
test,253
test,72
test,232
test,157
test,137
test,143
test,253
test,35
test,137
test,216
test,64
test,224
test,94
test,82
test,234
test,143
test,240
test,234
test,171
test,257
test,55
test,188
test,164
test,257
test,132
test,192
test,214
test,114
test,15
test,141
test,32
test,151
test,35
test,253
test,5
test,213
test,105
test,168
test,68
test,17
test,240
test,54
test,68
test,12
test,231
test,172
test,96
test,19
test,147
test,257
test,5
test,207
test,170
test,90
test,253
test,232
test,207
test,253
test,208
test,32
test,85
test,239
test,253
test,11
test,35
test,208
test,138
test,157
test,183
test,159
test,127
test,241
test,253
test,23
test,253
test,142
test,230
test,129
test,46
test,253
test,21
test,214
test,12
test,21
test,126
test,179
test,15
test,129
test,224
test,147
test,62
test,219
test,49
test,253
test,224
test,92
test,12
test,145
test,117
test,109
test,129
test,253
test,12
test,57
test,232
test,153
test,232
test,192
test,208
test,225
test,232
test,194
test,240
test,12
test,240
test,148
test,39
test,3
test,123
test,12
test,137
test,93
test,157
test,133
test,92
test,107
test,7
test,164
test,103
test,253
test,230
test,232
test,111
test,11
test,57
test,122
test,1
test,253
test,241
test,253
test,20
test,148
test,124
test,143
test,253
test,90
test,137
test,133
test,14
test,147
test,257
test,153
test,32
test,37
test,1
test,207
test,86
test,240
test,251
test,96
test,54
test,90
test,152
test,141
test,46
test,175
test,156
test,28
test,53
test,208
test,138
test,253
test,11
test,145
test,240
test,200
test,187
test,240
test,208
test,257
test,23
test,92
test,253
test,168
test,5
test,204
test,11
test,207
test,145
test,168
test,54
test,159
test,73
test,28
test,90
test,257
test,227
test,208
test,232
test,232
test,253
test,96
test,132
test,3
test,3
test,177
test,133
test,103
test,126
test,105
test,12
test,11
test,109
test,232
test,11
test,216
test,221
test,257
test,51
test,234
test,8
test,157
test,28
test,37
test,175
test,145
test,196
test,105
test,145
test,227
test,35
test,224
test,53
test,194
test,130
test,85
test,232
test,101
test,126
test,28
test,148
test,253
test,178
test,240
test,12
test,109
test,164
test,105
test,105
test,230
test,31
test,74
test,178
test,161
test,36
test,253
test,207
test,128
test,3
test,152
test,3
test,253
test,12
test,143
test,234
test,12
test,182
test,64
test,205
test,253
test,253
test,8
test,186
test,30
test,239
test,105
test,35
test,94
test,257
test,253
test,24
test,257
test,148
test,250
test,257
test,128
test,253
test,130
test,72
test,131
test,154
test,25
test,92
test,229
test,116
test,134
test,58
test,45
test,19
test,57
test,151
test,200
test,92
test,112
test,158
test,253
test,147
test,90
test,129
test,253
test,232
test,140
test,227
test,96
test,251
test,174
test,126
test,251
test,132
test,5
test,222
test,15
test,232
test,184
test,232
test,12
test,253
test,158
test,23
test,168
test,103
test,73
test,184
test,103
test,35
test,105
test,158
test,53
test,234
test,217
test,164
test,183
test,138
test,200
test,202
test,257
test,105
test,251
test,188
test,232
test,67
test,177
test,105
test,211
test,200
test,250
test,118
test,133
test,54
test,232
test,177
test,159
test,194
test,40
test,101
test,54
test,235
test,240
test,253
test,232
test,253
test,101
test,224
test,105
test,126
test,157
test,70
test,203
test,86
test,118
test,224
test,256
test,3
test,32
test,103
test,182
test,234
test,240
test,84
test,212
test,65
test,178
test,101
test,161
test,11
test,257
test,21
test,4
test,137
test,5
test,21
test,58
test,3
test,257
test,19
test,12
test,145
test,183
test,203
test,31
test,257
test,72
test,225
test,252
test,118
test,74
test,160
test,128
test,182
test,200
test,160
test,5
test,85
test,53
test,148
test,134
test,12
test,253
test,178
test,103
test,15
test,68
test,183
test,221
test,257
test,190
test,15
test,240
test,193
test,12
test,186
test,240
test,196
test,230
test,247
test,109
test,229
test,133
test,208
test,1
test,257
test,234
test,123
test,147
test,257
test,129
test,251
test,158
test,189
test,241
test,164
test,33
test,133
test,49
test,253
test,137
test,232
test,101
test,164
test,216
test,237
test,25
test,146
test,213
test,159
test,159
test,145
test,249
test,208
test,240
test,158
test,253
test,237
test,96
test,239
test,247
test,257
test,232
test,168
test,68
test,77
test,204
test,240
test,146
test,212
test,114
test,118
test,38
test,108
test,74
test,59
test,129
test,5
test,151
test,204
test,53
test,68
test,251
test,204
test,159
test,32
test,8
test,251
test,251
test,158
test,96
test,138
test,253
test,90
test,225
test,221
test,103
test,240
test,251
test,12
test,257
test,230
test,109
test,96
test,257
test,181
test,49
test,68
test,220
test,158
test,107
test,62
test,101
test,133
test,103
test,54
test,12
test,96
test,219
test,92
test,104
test,19
test,43
test,208
test,187
test,96
test,105
test,250
test,145
test,253
test,11
test,227
test,254
test,103
test,237
test,151
test,126
test,12
test,251
test,141
test,11
test,82
test,151
test,240
test,11
test,232
test,240
test,94
test,253
test,221
test,211
test,242
test,47
test,240
test,182
test,12
test,105
test,25
test,124
test,57
test,145
test,96
test,11
test,101
test,12
test,60
test,147
test,90
test,68
test,66
test,152
test,109
test,250
test,164
test,57
test,170
test,170
test,203
test,204
test,40
test,232
test,114
test,132
test,232
test,231
test,175
test,178
test,218
test,43
test,190
test,142
test,232
test,257
test,204
test,118
test,257
test,223
test,104
test,240
test,109
test,232
test,204
test,250
test,157
test,105
test,257
test,143
test,102
test,91
test,37
test,234
test,245
test,177
test,119
test,43
test,159
test,3
test,12
test,257
test,96
test,151
test,129
test,145
test,110
test,248
test,12
test,237
test,211
test,96
test,216
test,32
test,141
test,171
test,251
test,177
test,252
test,217
test,234
test,38
test,132
test,8
test,134
test,224
test,232
test,74
test,54
test,128
test,12
test,129
test,251
test,212
test,187
test,40
test,253
test,157
test,253
test,3
test,19
test,253
test,43
test,8
test,77
test,3
test,250
test,123
test,232
test,17
test,238
test,54
test,245
test,224
test,123
test,33
test,123
test,146
test,92
test,12
test,253
test,101
test,257
test,164
test,123
test,86
test,204
test,105
test,127
test,3
test,90
test,186
test,157
test,221
test,103
test,203
test,12
test,43
test,145
test,114
test,103
test,227
test,143
test,200
test,103
test,257
test,257
test,231
test,205
test,3
test,257
test,178
test,154
test,177
test,105
test,225
test,221
test,25
test,257
test,158
test,68
test,250
test,208
test,138
test,15
test,159
test,123
test,12
test,67
test,132
test,117
test,28
test,11
test,95
test,105
test,257
test,257
test,21
test,5
test,91
test,175
test,250
test,200
test,148
test,4
test,70
test,118
test,95
test,103
test,235
test,257
test,151
test,153
test,11
test,3
test,216
test,194
test,86
test,157
test,4
test,77
test,9
test,8
test,157
test,12
test,105
test,227
test,68
test,138
test,104
test,184
test,250
test,194
test,12
test,9
test,148
test,21
test,252
test,138
test,190
test,77
test,109
test,143
test,90
test,219
test,251
test,159
test,143
test,84
test,139
test,251
test,12
test,8
test,200
test,213
test,205
test,257
test,151
test,70
test,40
test,68
test,251
test,109
test,190
test,240
test,90
test,207
test,101
test,138
test,150
test,95
test,247
test,21
test,192
test,192
test,70
test,193
test,232
test,240
test,253
test,105
test,253
test,46
test,208
test,105
test,232
test,221
test,182
test,3
test,156
test,231
test,17
test,90
test,8
test,103
test,5
test,143
test,133
test,35
test,57
test,8
test,240
test,150
test,69
test,95
test,252
test,161
test,65
test,223
test,250
test,253
test,184
test,98
test,204
test,96
test,232
test,102
test,253
test,216
test,25
test,11
test,257
test,183
test,11
test,215
test,190
test,240
test,39
test,96
test,90
test,19
test,150
test,94
test,143
test,207
test,96
test,86
test,15
test,44
test,8
test,257
test,123
test,217
test,145
test,211
test,128
test,58
test,187
test,68
test,119
test,192
test,19
test,257
test,232
test,159
test,105
test,200
test,225
test,251
test,16
test,200
test,257
test,90
test,231
test,109
test,123
test,72
test,11
test,109
test,243
test,130
test,21
test,150
test,119
test,3
test,164
test,37
test,158
test,159
test,232
test,232
test,253
test,86
test,223
test,216
test,3
test,31
test,105
test,3
test,154
test,145
test,20
test,215
test,229
test,145
test,212
test,145
test,240
test,253
test,187
test,222
test,257
test,234
test,221
test,207
test,205
test,127
test,253
test,85
test,100
test,86
test,64
test,200
test,54
test,200
test,62
test,112
test,43
test,90
test,105
test,68
test,90
test,243
test,2
test,168
test,232
test,257
test,224
test,158
test,129
test,257
test,232
test,257
test,200
test,257
test,257
test,85
test,145
test,145
test,33
test,250
test,231
test,256
test,145
test,122
test,148
test,127
test,227
test,251
test,251
test,96
test,223
test,230
test,252
test,253
test,37
test,81
test,133
test,68
test,92
test,46
test,156
test,206
test,175
test,105
test,257
test,77
test,222
test,75
test,257
test,221
test,37
test,105
test,138
test,103
test,257
test,101
test,25
test,92
test,145
test,149
test,175
test,257
test,154
test,203
test,74
test,103
test,154
test,127
test,227
test,234
test,148
test,188
test,90
test,84
test,143
test,28
test,150
test,102
test,242
test,30
test,15
test,96
test,251
test,73
test,65
test,193
test,73
test,105
test,101
test,59
test,43
test,15
test,252
test,241
test,190
test,234
test,170
test,151
test,253
test,227
test,152
test,238
test,109
test,232
test,253
test,190
test,102
test,151
test,146
test,105
test,254
test,159
test,66
test,77
test,25
test,148
test,43
test,129
test,145
test,43
test,164
test,105
test,149
test,257
test,16
test,118
test,5
test,21
test,137
test,101
test,72
test,145
test,251
test,157
test,137
test,43
test,3
test,170
test,232
test,146
test,130
test,109
test,198
test,227
test,200
test,20
test,223
test,92
test,91
test,12
test,124
test,180
test,96
test,251
test,130
test,11
test,133
test,123
test,68
test,54
test,12
test,252
test,208
test,92
test,109
test,109
test,8
test,5
test,151
test,227
test,12
test,96
test,211
test,232
test,68
test,5
test,160
test,222
test,119
test,103
test,151
test,253
test,251
test,257
test,11
test,204
test,151
test,73
test,12
test,11
test,200
test,147
test,90
test,1
test,240
test,15
test,72
test,24
test,252
test,50
test,227
test,68
test,232
test,5
test,96
test,246
test,37
test,220
test,82
test,221
test,213
test,146
test,117
test,126
test,159
test,96
test,221
test,52
test,11
test,257
test,40
test,21
test,117
test,234
test,68
test,96
test,96
test,134
test,12
test,177
test,222
test,54
test,178
test,203
test,227
test,237
test,178
test,96
test,5
test,234
test,202
test,240
test,252
test,253
test,251
test,168
test,11
test,257
test,105
test,232
test,237
test,105
test,46
test,240
test,73
test,48
test,11
test,140
test,257
test,200
test,72
test,161
test,151
test,21
test,105
test,123
test,257
test,230
test,94
test,148
test,101
test,68
test,129
test,103
test,138
test,257
test,79
test,40
test,12
test,231
test,256
test,28
test,141
test,177
test,257
test,132
test,103
test,250
test,251
test,90
test,149
test,11
test,27
test,12
test,95
test,15
test,133
test,24
test,158
test,11
test,11
test,82
test,253
test,95
test,129
test,72
test,134
test,67
test,96
test,64
test,146
test,205
test,134
test,137
test,132
test,240
test,11
test,158
test,19
test,141
test,251
test,12
test,257
test,109
test,19
test,129
test,129
test,12
test,223
test,85
test,257
test,124
test,230
test,12
test,182
test,154
test,220
test,92
test,183
test,193
test,57
test,57
test,240
test,168
test,141
test,145
test,40
test,3
test,3
test,2
test,123
test,193
test,68
test,137
test,230
test,141
test,147
test,184
test,257
test,28
test,132
test,213
test,147
test,48
test,204
test,251
test,53
test,232
test,100
test,54
test,105
test,240
test,21
test,200
test,131
test,178
test,103
test,21
test,27
test,88
test,103
test,145
test,168
test,93
test,200
test,230
test,160
test,20
test,11
test,12
test,147
test,105
test,92
test,234
test,235
test,127
test,103
test,11
test,129
test,109
test,129
test,133
test,222
test,40
test,130
test,37
test,257
test,252
test,216
test,234
test,105
test,148
test,148
test,103
test,129
test,46
test,153
test,127
test,28
test,73
test,257
test,232
test,257
test,25
test,26
test,17
test,245
test,251
test,126
test,240
test,54
test,145
test,11
test,223
test,212
test,194
test,32
test,48
test,193
test,197
test,117
test,251
test,240
test,12
test,253
test,96
test,61
test,148
test,19
test,182
test,204
test,103
test,36
test,78
test,231
test,66
test,15
test,257
test,57
test,257
test,40
test,164
test,53
test,161
test,84
test,237
test,159
test,190
test,168
test,90
test,64
test,170
test,28
test,200
test,101
test,220
test,68
test,251
test,90
test,175
test,67
test,35
test,44
test,250
test,68
test,82
test,101
test,72
test,103
test,192
test,238
test,190
test,28
test,238
test,234
test,240
test,96
test,11
test,170
test,253
test,146
test,257
test,68
test,256
test,11
test,257
test,221
test,240
test,147
test,51
test,133
test,230
test,90
test,96
test,178
test,147
test,257
test,168
test,216
test,126
test,253
test,100
test,101
test,257
test,223
test,77
test,105
test,90
test,257
test,96
test,11
test,90
test,6
test,90
test,200
test,211
test,251
test,231
test,195
test,253
test,168
test,132
test,216
test,110
test,25
test,105
test,1
test,143
test,11
test,8
test,21
test,221
test,257
test,103
test,184
test,37
test,105
test,232
test,119
test,200
test,138
test,109
test,124
test,224
test,164
test,150
test,53
test,208
test,1
test,21
test,140
test,90
test,201
test,105
test,240
test,159
test,12
test,25
test,129
test,158
test,232
test,3
test,231
test,126
test,214
test,32
test,193
test,54
test,109
test,123
test,146
test,146
test,232
test,32
test,132
test,48
test,240
test,120
test,256
test,257
test,11
test,12
test,238
test,77
test,1
test,252
test,152
test,5
test,73
test,141
test,130
test,32
test,72
test,213
test,139
test,22
test,255
test,240
test,105
test,253
test,257
test,198
test,90
test,251
test,58
test,182
test,232
test,183
test,213
test,251
test,12
test,182
test,170
test,109
test,213
test,232
test,12
test,101
test,240
test,92
test,130
test,8
test,11
test,73
test,240
test,141
test,122
test,90
test,208
test,181
test,37
test,150
test,133
test,172
test,145
test,5
test,240
test,255
test,241
test,257
test,232
test,164
test,46
test,164
test,193
test,248
test,137
test,224
test,232
test,85
test,96
test,12
test,122
test,11
test,203
test,96
test,129
test,5
test,240
test,2
test,251
test,217
test,81
test,15
test,207
test,202
test,205
test,245
test,192
test,8
test,108
test,86
test,90
test,73
test,154
test,3
test,126
test,117
test,107
test,40
test,150
test,153
test,17
test,240
test,21
test,216
test,83
test,25
test,68
test,3
test,257
test,105
test,129
test,19
test,16
test,110
test,183
test,250
test,32
test,11
test,194
test,141
test,211
test,257
test,159
test,12
test,237
test,253
test,132
test,219
test,57
test,235
test,237
test,27
test,2
test,12
test,164
test,255
test,145
test,253
test,251
test,257
test,5
test,24
test,103
test,37
test,53
test,1
test,149
test,215
test,129
test,77
test,19
test,207
test,35
test,232
test,4
test,251
test,147
test,132
test,68
test,103
test,213
test,12
test,251
test,257
test,232
test,96
test,240
test,119
test,119
test,54
test,11
test,221
test,207
test,11
test,222
test,12
test,200
test,101
test,253
test,86
test,105
test,63
test,101
test,252
test,86
test,68
test,103
test,123
test,130
test,190
test,214
test,8
test,105
test,102
test,123
test,120
test,19
test,92
test,240
test,256
test,105
test,105
test,183
test,257
test,21
test,207
test,68
test,182
test,133
test,32
test,148
test,28
test,105
test,257
test,53
test,101
test,232
test,257
